,Home Team,Away Team,Home,Away,Spread,Real Home,Real Away,Real Spread
0,Baltimore,Pittsburgh,25.134367257238306,19.917674265137162,-5.2166929921011445,13,16,3
0,Green Bay,Detroit,23.03683487717188,20.93225539088165,-2.1045794862902305,16,20,4
